exp,customers,experts,orders_per_customer,avg_us,min_us,max_us,throughput,wall_s
4,1,1,50604,393.187,236,8786,2536.55,19.954674996
4,2,2,53200,356.275,235,5429,5569.15,19.109780922
4,4,4,47276,365.003,238,13976,10912,17.334441100
4,8,8,50720,374.48,232,6583,21162.4,19.178436769
4,16,16,38218,427.215,247,8591,36915.6,16.569835666
4,32,32,22895,606.301,246,9762,51507.2,14.228313594
4,64,64,11984,1182.85,254,31290,52342.6,14.658063844
4,128,128,6399,2518.51,252,159910,48961.6,16.733766606
4,256,256,2663,4745.49,252,345232,50645.3,13.465514693
